sequential,1,0.381133
sequential,1,0.876728
sequential,1,1.651610
sequential,1,25,0.367481
sequential,1,26,0.757779
sequential,1,27,1.655279
sequential,1,28,3.437476
sequential,1,29,7.228796
sequential,1,30,15.340525
sequential,1,31,42.625646
sequential,1,32,89.505138
sequential,2,25,0.197117
sequential,2,26,0.342108
sequential,2,27,0.753131
sequential,2,28,1.646173
sequential,2,29,3.282712
sequential,2,30,6.770875
sequential,2,31,18.523823
sequential,2,32,38.510316
